Name,Maths,Science,English,Attendance,Average,Grade
Amit,78,67,40,90,61.666666666666664,B
Sneha ,92,89,66,96,82.33333333333333,A
Sanika ,98,80,78,76,85.33333333333333,A
Swapnil,80,90,89,88,86.33333333333333,A
Shweta,56,67,54,56,59.0,C
Tanmay,95,85,91,92,90.33333333333333,A
Neha,88,65,65,47,72.66666666666667,B
Rohit,78,57,98,58,77.66666666666667,B
Pooja,65,45,50,50,53.333333333333336,C
Sita,45,81,54,60,60.0,B
